timeStamp,elapsed,label,responseCode,responseMessage,threadName,dataType,success,failureMessage,bytes,sentBytes,grpThreads,allThreads,URL,Latency,IdleTime,Connect
1764446532915,2345,HTTP Request,201,Created,Ramp 1-1,text,true,,232,4862148,2,2,http://anb-ecs-lb-597258804.us-east-1.elb.amazonaws.com:8000/api/videos/upload,2345,0,172
1764446534405,1782,HTTP Request,201,Created,Ramp 1-2,text,true,,232,4862168,2,2,http://anb-ecs-lb-597258804.us-east-1.elb.amazonaws.com:8000/api/videos/upload,1782,0,75
1764446535904,1974,HTTP Request,201,Created,Ramp 1-3,text,true,,232,4862144,2,2,http://anb-ecs-lb-597258804.us-east-1.elb.amazonaws.com:8000/api/videos/upload,1974,0,90
1764446537418,1795,HTTP Request,201,Created,Ramp 1-4,text,true,,232,4862172,2,2,http://anb-ecs-lb-597258804.us-east-1.elb.amazonaws.com:8000/api/videos/upload,1795,0,88
1764446538917,1750,HTTP Request,201,Created,Ramp 1-5,text,true,,232,4862176,2,2,http://anb-ecs-lb-597258804.us-east-1.elb.amazonaws.com:8000/api/videos/upload,1749,0,73
1764446540415,1859,HTTP Request,201,Created,Ramp 1-6,text,true,,232,4862160,2,2,http://anb-ecs-lb-597258804.us-east-1.elb.amazonaws.com:8000/api/videos/upload,1859,0,81
1764446541917,2312,HTTP Request,201,Created,Ramp 1-7,text,true,,232,4862176,2,2,http://anb-ecs-lb-597258804.us-east-1.elb.amazonaws.com:8000/api/videos/upload,2311,0,101
1764446543432,2070,HTTP Request,201,Created,Ramp 1-8,text,true,,232,4862152,2,2,http://anb-ecs-lb-597258804.us-east-1.elb.amazonaws.com:8000/api/videos/upload,2070,0,108
1764446544933,1945,HTTP Request,201,Created,Ramp 1-9,text,true,,232,4862176,2,2,http://anb-ecs-lb-597258804.us-east-1.elb.amazonaws.com:8000/api/videos/upload,1945,0,86
1764446546419,1853,HTTP Request,201,Created,Ramp 1-10,text,true,,232,4862172,2,2,http://anb-ecs-lb-597258804.us-east-1.elb.amazonaws.com:8000/api/videos/upload,1853,0,84
1764446547931,3234,HTTP Request,201,Created,Ramp 1-11,text,true,,232,4862136,3,3,http://anb-ecs-lb-597258804.us-east-1.elb.amazonaws.com:8000/api/videos/upload,3234,0,1095
1764446550932,1876,HTTP Request,201,Created,Ramp 1-13,text,true,,232,4862144,3,3,http://anb-ecs-lb-597258804.us-east-1.elb.amazonaws.com:8000/api/videos/upload,1875,0,70
1764446552419,2103,HTTP Request,201,Created,Ramp 1-14,text,true,,232,4862168,3,3,http://anb-ecs-lb-597258804.us-east-1.elb.amazonaws.com:8000/api/videos/upload,2103,0,74
1764446553933,1949,HTTP Request,201,Created,Ramp 1-15,text,true,,232,4862164,3,3,http://anb-ecs-lb-597258804.us-east-1.elb.amazonaws.com:8000/api/videos/upload,1949,0,91
1764446556920,2376,HTTP Request,201,Created,Ramp 1-17,text,true,,232,4862156,4,4,http://anb-ecs-lb-597258804.us-east-1.elb.amazonaws.com:8000/api/videos/upload,2376,0,88
1764446549418,9897,HTTP Request,201,Created,Ramp 1-12,text,true,,232,4862136,3,3,http://anb-ecs-lb-597258804.us-east-1.elb.amazonaws.com:8000/api/videos/upload,9897,0,86
1764446559935,2432,HTTP Request,201,Created,Ramp 1-19,text,true,,232,4862164,4,4,http://anb-ecs-lb-597258804.us-east-1.elb.amazonaws.com:8000/api/videos/upload,2432,0,109
1764446562935,2817,HTTP Request,201,Created,Ramp 1-21,text,true,,232,4862164,5,5,http://anb-ecs-lb-597258804.us-east-1.elb.amazonaws.com:8000/api/videos/upload,2817,0,170
1764446561421,5891,HTTP Request,500,Internal Server Error,Ramp 1-20,text,false,,577,4862176,5,5,http://anb-ecs-lb-597258804.us-east-1.elb.amazonaws.com:8000/api/videos/upload,5890,0,71
1764446555436,11886,HTTP Request,500,Internal Server Error,Ramp 1-16,text,false,,304,4862176,4,4,http://anb-ecs-lb-597258804.us-east-1.elb.amazonaws.com:8000/api/videos/upload,11886,0,86
1764446565920,2635,HTTP Request,201,Created,Ramp 1-23,text,true,,232,4862148,4,4,http://anb-ecs-lb-597258804.us-east-1.elb.amazonaws.com:8000/api/videos/upload,2634,0,75
1764446558423,11193,HTTP Request,201,Created,Ramp 1-18,text,true,,232,4862156,4,4,http://anb-ecs-lb-597258804.us-east-1.elb.amazonaws.com:8000/api/videos/upload,11193,0,86
1764446564420,5438,HTTP Request,201,Created,Ramp 1-22,text,true,,232,4862140,3,3,http://anb-ecs-lb-597258804.us-east-1.elb.amazonaws.com:8000/api/videos/upload,5438,0,81
1764446568921,2481,HTTP Request,201,Created,Ramp 1-25,text,true,,232,4862136,3,3,http://anb-ecs-lb-597258804.us-east-1.elb.amazonaws.com:8000/api/videos/upload,2481,0,84
1764446567435,5746,HTTP Request,201,Created,Ramp 1-24,text,true,,232,4862160,3,3,http://anb-ecs-lb-597258804.us-east-1.elb.amazonaws.com:8000/api/videos/upload,5746,0,105
1764446571934,2268,HTTP Request,201,Created,Ramp 1-27,text,true,,232,4862172,3,3,http://anb-ecs-lb-597258804.us-east-1.elb.amazonaws.com:8000/api/videos/upload,2268,0,80
1764446570420,7907,HTTP Request,201,Created,Ramp 1-26,text,true,,232,4862148,5,5,http://anb-ecs-lb-597258804.us-east-1.elb.amazonaws.com:8000/api/videos/upload,7907,0,72
1764446576435,2167,HTTP Request,201,Created,Ramp 1-30,text,true,,232,4862156,4,4,http://anb-ecs-lb-597258804.us-east-1.elb.amazonaws.com:8000/api/videos/upload,2167,0,84
1764446574935,3721,HTTP Request,201,Created,Ramp 1-29,text,true,,232,4862144,3,3,http://anb-ecs-lb-597258804.us-east-1.elb.amazonaws.com:8000/api/videos/upload,3721,0,87
1764446579434,2411,HTTP Request,201,Created,Ramp 1-32,text,true,,232,4862160,4,4,http://anb-ecs-lb-597258804.us-east-1.elb.amazonaws.com:8000/api/videos/upload,2411,0,102
1764446580925,4473,HTTP Request,201,Created,Ramp 1-33,text,true,,232,4862140,5,5,http://anb-ecs-lb-597258804.us-east-1.elb.amazonaws.com:8000/api/videos/upload,4473,0,68
1764446582426,3358,HTTP Request,201,Created,Ramp 1-34,text,true,,232,4862136,5,5,http://anb-ecs-lb-597258804.us-east-1.elb.amazonaws.com:8000/api/videos/upload,3358,0,96
1764446577926,9161,HTTP Request,500,Internal Server Error,Ramp 1-31,text,false,,304,4862176,5,5,http://anb-ecs-lb-597258804.us-east-1.elb.amazonaws.com:8000/api/videos/upload,9161,0,132
1764446573424,13669,HTTP Request,201,Created,Ramp 1-28,text,true,,232,4862160,4,4,http://anb-ecs-lb-597258804.us-east-1.elb.amazonaws.com:8000/api/videos/upload,13669,0,100
1764446585425,2700,HTTP Request,201,Created,Ramp 1-36,text,true,,232,4862152,3,3,http://anb-ecs-lb-597258804.us-east-1.elb.amazonaws.com:8000/api/videos/upload,2700,0,89
1764446583931,4791,HTTP Request,201,Created,Ramp 1-35,text,true,,232,4862168,3,3,http://anb-ecs-lb-597258804.us-east-1.elb.amazonaws.com:8000/api/videos/upload,4791,0,86
1764446588413,7848,HTTP Request,201,Created,Ramp 1-38,text,true,,232,4862156,7,7,http://anb-ecs-lb-597258804.us-east-1.elb.amazonaws.com:8000/api/videos/upload,7848,0,98
1764446591413,4882,HTTP Request,500,Internal Server Error,Ramp 1-40,text,false,,682,4862136,6,6,http://anb-ecs-lb-597258804.us-east-1.elb.amazonaws.com:8000/api/videos/upload,4882,0,77
1764446592915,3381,HTTP Request,500,Internal Server Error,Ramp 1-41,text,false,,589,4862164,5,5,http://anb-ecs-lb-597258804.us-east-1.elb.amazonaws.com:8000/api/videos/upload,3381,0,123
1764446586926,9375,HTTP Request,500,Internal Server Error,Ramp 1-37,text,false,,589,4862160,4,4,http://anb-ecs-lb-597258804.us-east-1.elb.amazonaws.com:8000/api/videos/upload,9375,0,95
1764446594416,1887,HTTP Request,500,Internal Server Error,Ramp 1-42,text,false,,304,4862152,3,3,http://anb-ecs-lb-597258804.us-east-1.elb.amazonaws.com:8000/api/videos/upload,1887,0,160
1764446595916,2079,HTTP Request,201,Created,Ramp 1-43,text,true,,232,4862140,3,3,http://anb-ecs-lb-597258804.us-east-1.elb.amazonaws.com:8000/api/videos/upload,2079,0,96
1764446589913,9245,HTTP Request,201,Created,Ramp 1-39,text,true,,232,4862160,3,3,http://anb-ecs-lb-597258804.us-east-1.elb.amazonaws.com:8000/api/videos/upload,9245,0,77
1764446598915,10885,HTTP Request,201,Created,Ramp 1-45,text,true,,232,4862148,9,9,http://anb-ecs-lb-597258804.us-east-1.elb.amazonaws.com:8000/api/videos/upload,10885,0,74
1764446603416,31851,HTTP Request,500,Internal Server Error,Ramp 1-48,text,false,,198,4862136,25,25,http://anb-ecs-lb-597258804.us-east-1.elb.amazonaws.com:8000/api/videos/upload,31850,0,68
1764446597415,39555,HTTP Request,500,Internal Server Error,Ramp 1-44,text,false,,198,4862164,25,25,http://anb-ecs-lb-597258804.us-east-1.elb.amazonaws.com:8000/api/videos/upload,39555,0,73
1764446606417,31704,HTTP Request,500,Internal Server Error,Ramp 1-50,text,false,,198,4862176,25,25,http://anb-ecs-lb-597258804.us-east-1.elb.amazonaws.com:8000/api/videos/upload,31704,0,74
1764446607916,31785,HTTP Request,500,Internal Server Error,Ramp 1-51,text,false,,198,4862140,25,25,http://anb-ecs-lb-597258804.us-east-1.elb.amazonaws.com:8000/api/videos/upload,31785,0,136
1764446600413,39730,HTTP Request,500,Internal Server Error,Ramp 1-46,text,false,,397,4862136,24,24,http://anb-ecs-lb-597258804.us-east-1.elb.amazonaws.com:8000/api/videos/upload,39730,0,89
1764446601914,38277,HTTP Request,500,Internal Server Error,Ramp 1-47,text,false,,397,4862148,23,23,http://anb-ecs-lb-597258804.us-east-1.elb.amazonaws.com:8000/api/videos/upload,38277,0,88
1764446604914,35313,HTTP Request,500,Internal Server Error,Ramp 1-49,text,false,,397,4862156,22,22,http://anb-ecs-lb-597258804.us-east-1.elb.amazonaws.com:8000/api/videos/upload,35313,0,87
1764446609417,31666,HTTP Request,500,Internal Server Error,Ramp 1-52,text,false,,198,4862148,22,22,http://anb-ecs-lb-597258804.us-east-1.elb.amazonaws.com:8000/api/videos/upload,31666,0,91
1764446610918,31707,HTTP Request,500,Internal Server Error,Ramp 1-53,text,false,,198,4862144,22,22,http://anb-ecs-lb-597258804.us-east-1.elb.amazonaws.com:8000/api/videos/upload,31707,0,91
1764446612417,31673,HTTP Request,500,Internal Server Error,Ramp 1-54,text,false,,198,4862164,22,22,http://anb-ecs-lb-597258804.us-east-1.elb.amazonaws.com:8000/api/videos/upload,31673,0,89
1764446613933,32256,HTTP Request,500,Internal Server Error,Ramp 1-55,text,false,,198,4862144,22,22,http://anb-ecs-lb-597258804.us-east-1.elb.amazonaws.com:8000/api/videos/upload,32256,0,116
1764446615415,33364,HTTP Request,500,Internal Server Error,Ramp 1-56,text,false,,198,4862168,23,23,http://anb-ecs-lb-597258804.us-east-1.elb.amazonaws.com:8000/api/videos/upload,33364,0,91
1764446616917,31931,HTTP Request,500,Internal Server Error,Ramp 1-57,text,false,,198,4862140,22,22,http://anb-ecs-lb-597258804.us-east-1.elb.amazonaws.com:8000/api/videos/upload,31931,0,74
1764446618405,31658,HTTP Request,500,Internal Server Error,Ramp 1-58,text,false,,198,4862140,22,22,http://anb-ecs-lb-597258804.us-east-1.elb.amazonaws.com:8000/api/videos/upload,31658,0,73
1764446619917,32667,HTTP Request,500,Internal Server Error,Ramp 1-59,text,false,,198,4862160,22,22,http://anb-ecs-lb-597258804.us-east-1.elb.amazonaws.com:8000/api/videos/upload,32667,0,93
1764446621403,32519,HTTP Request,500,Internal Server Error,Ramp 1-60,text,false,,198,4862172,22,22,http://anb-ecs-lb-597258804.us-east-1.elb.amazonaws.com:8000/api/videos/upload,32519,0,86
1764446624416,31587,HTTP Request,500,Internal Server Error,Ramp 1-62,text,false,,198,4862160,23,23,http://anb-ecs-lb-597258804.us-east-1.elb.amazonaws.com:8000/api/videos/upload,31587,0,67
1764446625918,31880,HTTP Request,500,Internal Server Error,Ramp 1-63,text,false,,198,4862172,23,23,http://anb-ecs-lb-597258804.us-east-1.elb.amazonaws.com:8000/api/videos/upload,31880,0,126
1764446627417,31737,HTTP Request,500,Internal Server Error,Ramp 1-64,text,false,,198,4862156,23,23,http://anb-ecs-lb-597258804.us-east-1.elb.amazonaws.com:8000/api/videos/upload,31737,0,95
1764446628916,31740,HTTP Request,500,Internal Server Error,Ramp 1-65,text,false,,198,4862148,23,23,http://anb-ecs-lb-597258804.us-east-1.elb.amazonaws.com:8000/api/videos/upload,31740,0,85
1764446630417,31825,HTTP Request,500,Internal Server Error,Ramp 1-66,text,false,,198,4862144,23,23,http://anb-ecs-lb-597258804.us-east-1.elb.amazonaws.com:8000/api/videos/upload,31825,0,101
1764446633405,31787,HTTP Request,500,Internal Server Error,Ramp 1-68,text,false,,198,4862160,24,24,http://anb-ecs-lb-597258804.us-east-1.elb.amazonaws.com:8000/api/videos/upload,31787,0,73
1764446622917,44091,HTTP Request,500,Internal Server Error,Ramp 1-61,text,false,,198,4862148,24,24,http://anb-ecs-lb-597258804.us-east-1.elb.amazonaws.com:8000/api/videos/upload,44091,0,168
1764446634916,32161,HTTP Request,500,Internal Server Error,Ramp 1-69,text,false,,198,4862164,23,23,http://anb-ecs-lb-597258804.us-east-1.elb.amazonaws.com:8000/api/videos/upload,32161,0,91
1764446636418,32361,HTTP Request,500,Internal Server Error,Ramp 1-70,text,false,,198,4862164,23,23,http://anb-ecs-lb-597258804.us-east-1.elb.amazonaws.com:8000/api/videos/upload,32361,0,86
1764446637916,32479,HTTP Request,500,Internal Server Error,Ramp 1-71,text,false,,198,4862148,23,23,http://anb-ecs-lb-597258804.us-east-1.elb.amazonaws.com:8000/api/videos/upload,32479,0,138
1764446631918,38768,HTTP Request,500,Internal Server Error,Ramp 1-67,text,false,,198,4862152,22,22,http://anb-ecs-lb-597258804.us-east-1.elb.amazonaws.com:8000/api/videos/upload,38768,0,74
1764446640918,31965,HTTP Request,500,Internal Server Error,Ramp 1-73,text,false,,198,4862168,23,23,http://anb-ecs-lb-597258804.us-east-1.elb.amazonaws.com:8000/api/videos/upload,31965,0,86
1764446639416,34370,HTTP Request,500,Internal Server Error,Ramp 1-72,text,false,,198,4862144,22,22,http://anb-ecs-lb-597258804.us-east-1.elb.amazonaws.com:8000/api/videos/upload,34370,0,77
1764446642406,31870,HTTP Request,500,Internal Server Error,Ramp 1-74,text,false,,198,4862148,22,22,http://anb-ecs-lb-597258804.us-east-1.elb.amazonaws.com:8000/api/videos/upload,31870,0,89
1764446645418,31834,HTTP Request,500,Internal Server Error,Ramp 1-76,text,false,,198,4862172,23,23,http://anb-ecs-lb-597258804.us-east-1.elb.amazonaws.com:8000/api/videos/upload,31834,0,90
1764446646915,32102,HTTP Request,500,Internal Server Error,Ramp 1-77,text,false,,198,4862140,23,23,http://anb-ecs-lb-597258804.us-east-1.elb.amazonaws.com:8000/api/videos/upload,32102,0,88
1764446648420,32031,HTTP Request,500,Internal Server Error,Ramp 1-78,text,false,,198,4862144,23,23,http://anb-ecs-lb-597258804.us-east-1.elb.amazonaws.com:8000/api/videos/upload,32031,0,101
1764446643919,39676,HTTP Request,500,Internal Server Error,Ramp 1-75,text,false,,198,4862156,24,24,http://anb-ecs-lb-597258804.us-east-1.elb.amazonaws.com:8000/api/videos/upload,39676,0,83
1764446652917,32485,HTTP Request,500,Internal Server Error,Ramp 1-81,text,false,,198,4862160,24,24,http://anb-ecs-lb-597258804.us-east-1.elb.amazonaws.com:8000/api/videos/upload,32485,0,130
1764446649917,35754,HTTP Request,500,Internal Server Error,Ramp 1-79,text,false,,198,4862176,23,23,http://anb-ecs-lb-597258804.us-east-1.elb.amazonaws.com:8000/api/videos/upload,35754,0,68
1764446651417,34640,HTTP Request,500,Internal Server Error,Ramp 1-80,text,false,,198,4862172,23,23,http://anb-ecs-lb-597258804.us-east-1.elb.amazonaws.com:8000/api/videos/upload,34639,0,87
1764446654416,32438,HTTP Request,500,Internal Server Error,Ramp 1-82,text,false,,198,4862164,22,22,http://anb-ecs-lb-597258804.us-east-1.elb.amazonaws.com:8000/api/videos/upload,32438,0,103
1764446655915,31945,HTTP Request,500,Internal Server Error,Ramp 1-83,text,false,,198,4862160,22,22,http://anb-ecs-lb-597258804.us-east-1.elb.amazonaws.com:8000/api/videos/upload,31945,0,68
1764446657404,31787,HTTP Request,500,Internal Server Error,Ramp 1-84,text,false,,198,4862140,22,22,http://anb-ecs-lb-597258804.us-east-1.elb.amazonaws.com:8000/api/videos/upload,31787,0,146
1764446658916,31854,HTTP Request,500,Internal Server Error,Ramp 1-85,text,false,,198,4862176,22,22,http://anb-ecs-lb-597258804.us-east-1.elb.amazonaws.com:8000/api/videos/upload,31854,0,77
1764446660419,31898,HTTP Request,500,Internal Server Error,Ramp 1-86,text,false,,198,4862160,22,22,http://anb-ecs-lb-597258804.us-east-1.elb.amazonaws.com:8000/api/videos/upload,31898,0,86
1764446661918,31693,HTTP Request,500,Internal Server Error,Ramp 1-87,text,false,,198,4862148,22,22,http://anb-ecs-lb-597258804.us-east-1.elb.amazonaws.com:8000/api/videos/upload,31693,0,82
1764446663418,31842,HTTP Request,500,Internal Server Error,Ramp 1-88,text,false,,198,4862164,22,22,http://anb-ecs-lb-597258804.us-east-1.elb.amazonaws.com:8000/api/videos/upload,31842,0,72
1764446664905,31595,HTTP Request,500,Internal Server Error,Ramp 1-89,text,false,,198,4862136,22,22,http://anb-ecs-lb-597258804.us-east-1.elb.amazonaws.com:8000/api/videos/upload,31595,0,92
1764446666417,31864,HTTP Request,500,Internal Server Error,Ramp 1-90,text,false,,198,4862168,22,22,http://anb-ecs-lb-597258804.us-east-1.elb.amazonaws.com:8000/api/videos/upload,31864,0,83
1764446667919,31864,HTTP Request,500,Internal Server Error,Ramp 1-91,text,false,,198,4862160,22,22,http://anb-ecs-lb-597258804.us-east-1.elb.amazonaws.com:8000/api/videos/upload,31864,0,126
1764446669418,31848,HTTP Request,500,Internal Server Error,Ramp 1-92,text,false,,198,4862156,22,22,http://anb-ecs-lb-597258804.us-east-1.elb.amazonaws.com:8000/api/videos/upload,31848,0,91
1764446670918,32337,HTTP Request,500,Internal Server Error,Ramp 1-93,text,false,,198,4862164,22,22,http://anb-ecs-lb-597258804.us-east-1.elb.amazonaws.com:8000/api/videos/upload,32337,0,86
1764446672420,31715,HTTP Request,500,Internal Server Error,Ramp 1-94,text,false,,198,4862160,22,22,http://anb-ecs-lb-597258804.us-east-1.elb.amazonaws.com:8000/api/videos/upload,31715,0,89
1764446673919,31618,HTTP Request,500,Internal Server Error,Ramp 1-95,text,false,,198,4862176,22,22,http://anb-ecs-lb-597258804.us-east-1.elb.amazonaws.com:8000/api/videos/upload,31618,0,87
1764446675404,31546,HTTP Request,500,Internal Server Error,Ramp 1-96,text,false,,198,4862140,22,22,http://anb-ecs-lb-597258804.us-east-1.elb.amazonaws.com:8000/api/videos/upload,31546,0,87
1764446676917,31645,HTTP Request,500,Internal Server Error,Ramp 1-97,text,false,,198,4862136,22,22,http://anb-ecs-lb-597258804.us-east-1.elb.amazonaws.com:8000/api/videos/upload,31645,0,88
1764446678418,31643,HTTP Request,500,Internal Server Error,Ramp 1-98,text,false,,198,4862172,22,22,http://anb-ecs-lb-597258804.us-east-1.elb.amazonaws.com:8000/api/videos/upload,31643,0,102
1764446679918,31597,HTTP Request,500,Internal Server Error,Ramp 1-99,text,false,,198,4862136,22,22,http://anb-ecs-lb-597258804.us-east-1.elb.amazonaws.com:8000/api/videos/upload,31597,0,126
1764446681418,31965,HTTP Request,500,Internal Server Error,Ramp 1-100,text,false,,198,4862160,21,21,http://anb-ecs-lb-597258804.us-east-1.elb.amazonaws.com:8000/api/videos/upload,31965,0,84
1764446682918,31796,HTTP Request,500,Internal Server Error,Ramp 1-101,text,false,,198,4862140,20,20,http://anb-ecs-lb-597258804.us-east-1.elb.amazonaws.com:8000/api/videos/upload,31796,0,75
1764446684418,31833,HTTP Request,500,Internal Server Error,Ramp 1-102,text,false,,198,4862176,19,19,http://anb-ecs-lb-597258804.us-east-1.elb.amazonaws.com:8000/api/videos/upload,31833,0,91
1764446685905,31676,HTTP Request,500,Internal Server Error,Ramp 1-103,text,false,,198,4862148,18,18,http://anb-ecs-lb-597258804.us-east-1.elb.amazonaws.com:8000/api/videos/upload,31676,0,84
1764446687419,31801,HTTP Request,500,Internal Server Error,Ramp 1-104,text,false,,198,4862176,17,17,http://anb-ecs-lb-597258804.us-east-1.elb.amazonaws.com:8000/api/videos/upload,31801,0,96
1764446688933,31721,HTTP Request,500,Internal Server Error,Ramp 1-105,text,false,,198,4862152,16,16,http://anb-ecs-lb-597258804.us-east-1.elb.amazonaws.com:8000/api/videos/upload,31721,0,123
1764446690418,31670,HTTP Request,500,Internal Server Error,Ramp 1-106,text,false,,198,4862148,15,15,http://anb-ecs-lb-597258804.us-east-1.elb.amazonaws.com:8000/api/videos/upload,31670,0,87
1764446691922,32010,HTTP Request,500,Internal Server Error,Ramp 1-107,text,false,,198,4862160,14,14,http://anb-ecs-lb-597258804.us-east-1.elb.amazonaws.com:8000/api/videos/upload,32010,0,66
1764446693407,32981,HTTP Request,500,Internal Server Error,Ramp 1-108,text,false,,198,4862168,13,13,http://anb-ecs-lb-597258804.us-east-1.elb.amazonaws.com:8000/api/videos/upload,32981,0,76
1764446694919,32084,HTTP Request,500,Internal Server Error,Ramp 1-109,text,false,,198,4862136,12,12,http://anb-ecs-lb-597258804.us-east-1.elb.amazonaws.com:8000/api/videos/upload,32084,0,76
1764446696418,31926,HTTP Request,500,Internal Server Error,Ramp 1-110,text,false,,198,4862152,11,11,http://anb-ecs-lb-597258804.us-east-1.elb.amazonaws.com:8000/api/videos/upload,31926,0,85
1764446697904,31863,HTTP Request,500,Internal Server Error,Ramp 1-111,text,false,,198,4862144,10,10,http://anb-ecs-lb-597258804.us-east-1.elb.amazonaws.com:8000/api/videos/upload,31863,0,104
1764446699415,31811,HTTP Request,500,Internal Server Error,Ramp 1-112,text,false,,198,4862164,9,9,http://anb-ecs-lb-597258804.us-east-1.elb.amazonaws.com:8000/api/videos/upload,31811,0,100
1764446702413,31858,HTTP Request,500,Internal Server Error,Ramp 1-114,text,false,,198,4862144,8,8,http://anb-ecs-lb-597258804.us-east-1.elb.amazonaws.com:8000/api/videos/upload,31858,0,89
1764446703912,31971,HTTP Request,500,Internal Server Error,Ramp 1-115,text,false,,198,4862168,7,7,http://anb-ecs-lb-597258804.us-east-1.elb.amazonaws.com:8000/api/videos/upload,31971,0,90
1764446705415,31725,HTTP Request,500,Internal Server Error,Ramp 1-116,text,false,,198,4862172,6,6,http://anb-ecs-lb-597258804.us-east-1.elb.amazonaws.com:8000/api/videos/upload,31725,0,83
1764446706914,31722,HTTP Request,500,Internal Server Error,Ramp 1-117,text,false,,198,4862168,5,5,http://anb-ecs-lb-597258804.us-east-1.elb.amazonaws.com:8000/api/videos/upload,31722,0,81
1764446708414,31901,HTTP Request,500,Internal Server Error,Ramp 1-118,text,false,,198,4862156,4,4,http://anb-ecs-lb-597258804.us-east-1.elb.amazonaws.com:8000/api/videos/upload,31901,0,83
1764446700914,40876,HTTP Request,500,Internal Server Error,Ramp 1-113,text,false,,198,4862148,3,3,http://anb-ecs-lb-597258804.us-east-1.elb.amazonaws.com:8000/api/videos/upload,40876,0,81
1764446709913,31921,HTTP Request,500,Internal Server Error,Ramp 1-119,text,false,,198,4862168,2,2,http://anb-ecs-lb-597258804.us-east-1.elb.amazonaws.com:8000/api/videos/upload,31921,0,97
1764446711415,31767,HTTP Request,500,Internal Server Error,Ramp 1-120,text,false,,198,4862168,1,1,http://anb-ecs-lb-597258804.us-east-1.elb.amazonaws.com:8000/api/videos/upload,31766,0,83
